"code","市場","貸借","優待月","銘柄名
優待内容","銘柄名","優待内容","現在値","単元","必要資金","優待金額換算","優待利回り"
1379,"東P","貸借","3月末日","ホクト
自社グループ製品詰合せ、ギフトカード","ホクト","自社グループ製品詰合せ、ギフトカード",1826,100,182600,1500,0.76
1383,"東S","制度","4月末日","ベルグアース
QUOカード、メロン等","ベルグアース
","QUOカード、メロン等",2870,100,287000,4000,0.34
1384,"東S","制度","3月末日","ホクリヨウ
たまごギフト券","ホクリヨウ
","たまごギフト券",2648,100,264800,500,0.18
1417,"東P","貸借","3月末日","ミライト・ワン
QUOカード、電子マネー、お米、寄付","ミライト・ワン
","QUOカード、電子マネー、お米、寄付",4022,100,402200,1000,"---"
1419,"東P","貸借","11月末日","タマホーム
オリジナルQUOカード","タマホーム
","オリジナルQUOカード",3540,100,354000,500,0.56
1420,"東S","貸借","3月末日","サンヨーホームズ
QUOカード","サンヨーホームズ
","QUOカード",618,100,61800,1000,1.61
1430,"東S","貸借","11月末日","ファーストコーポレー...
QUOカード","ファーストコーポレー...
","QUOカード",1095,100,547500,2000,"---"
1431,"東G","貸借","6月末日・3月末日・9月末日・12月末日","ＬｉｂＷｏｒｋ
QUOカード、割引券、優待ポイント、暗号資産","ＬｉｂＷｏｒｋ
","QUOカード、割引券、優待ポイント、暗号資産",650,100,65000,"---",1.54
1438,"東S","制度","9月末日","岐阜造園
QUOカード","岐阜造園
","QUOカード",1860,100,372000,1000,0.26
1446,"東S","貸借","3月末日","キャンディル
QUOカード","キャンディル
","QUOカード",523,100,104600,3000,2.88
1605,"東P","貸借","12月末日","ＩＮＰＥＸ
QUOカード、施設見学会","ＩＮＰＥＸ
","QUOカード、施設見学会",4118,100,411800,1000,"---"
1738,,"制度","3月末日","ＮＩＴＴＯＨ
全国共通おこめ券","ＮＩＴＴＯＨ
","全国共通おこめ券",605,100,605000,2200,0.36
1768,"東S","貸借","9月末日","ソネック
QUOカード","ソネック
","QUOカード",1347,100,134700,1000,0.73
1771,,"制度","9月末日","日本乾溜工業
QUOカード","日本乾溜工業
","QUOカード",987,100,987000,3000,0.29
1788,"東S","制度","6月末日","三東工業社
QUOカード","三東工業社
","QUOカード",4640,100,464000,1500,0.31
1822,"東S","貸借","3月末日・9月末日","大豊建設
QUOカード","大豊建設
","QUOカード",745,100,74500,500,1.34
1828,"東S","制度","3月末日・9月末日","田辺工業
QUOカード","田辺工業
","QUOカード",2526,100,252600,500,0.38
1848,"東S","貸借","9月末日","富士ピー・エス
QUOカード","富士ピー・エス
","QUOカード",572,100,57200,500,0.87
1867,"東S","貸借","9月末日","植木組
QUOカード","植木組
","QUOカード",2688,100,268800,500,0.19
1899,"東P","貸借","12月末日","福田組
オリジナルQUOカード","福田組
","オリジナルQUOカード",8430,100,1686000,2000,0.11
1904,"東S","貸借","3月末日・9月末日","大成温調
オリジナルQUOカード","大成温調
","オリジナルQUOカード",5300,100,1590000,16000,0.51
1909,"東S","貸借","9月末日","日本ドライケミカル
防災グッズ、オリジナルQUOカード","日本ドライケミカル
","防災グッズ、オリジナルQUOカード",2997,100,299700,1000,0.33
1952,"東P","貸借","3月末日・9月末日","新日本空調
カタログギフト、QUOカード","新日本空調
","カタログギフト、QUOカード",3585,100,1075500,"---",0.28
"195A","東G","制度","9月末日","ＭＵＳＣＡＴＧＲＯ...
自社グループ製品","ＭＵＳＣＡＴＧＲＯ...
","自社グループ製品",700,100,210000,"---",3.38
1976,"東P","貸借","3月末日","明星工業
JCBギフトカード","明星工業
","JCBギフトカード",1826,100,365200,1000,0.27
1992,"東S","制度","3月末日","神田通信機
QUOカード","神田通信機
","QUOカード",2751,100,275100,1000,0.35
2053,"東P","貸借","3月末日・9月末日","中部飼料
オリジナルQUOカード、北陸地方ブランド米","中部飼料
","オリジナルQUOカード、北陸地方ブランド米",1682,100,841000,1000,0.11
2114,"東S","貸借","9月末日","フジ日本
自社製品、QUOカード","フジ日本
","自社製品、QUOカード",610,100,61000,1000,0.81
2120,"東P","貸借","9月末日・3月末日","ＬＩＦＵＬＬ
電子マネー、自社サービス","ＬＩＦＵＬＬ
","電子マネー、自社サービス",193,100,772000,15000,"---"
2122,"東S","制度","3月末日・9月末日","インタースペース
VJAギフトカード","インタースペース
","VJAギフトカード",1252,100,500800,10000,3.98
"212A","東P","制度","10月末日","フィットイージー
QUOカード、会員割引","フィットイージー
","QUOカード、会員割引",2459,100,245900,1000,2.9
2139,"東S","貸借","3月末日","中広
QUOカード","中広
","QUOカード",509,100,50900,1000,"---"
2173,"東G","貸借","12月末日","博展
JCBギフトカード、体験コンテンツ","博展
","JCBギフトカード、体験コンテンツ",933,100,93300,500,"---"
2179,"東S","貸借","3月末日","成学社
オリジナルQUOカード","成学社
","オリジナルQUOカード",753,100,75300,1000,1.31
2186,"東S","制度","8月末日","ソーバル
QUOカード","ソーバル
","QUOカード",903,100,90300,500,0.55
2204,"東S","貸借","3月末日","中村屋
自社商品、食事優待券","中村屋
","自社商品、食事優待券",3150,100,315000,2000,0.63
2300,"東S","制度","2月末日","きょくとう
株主優待券、ギフトカード","きょくとう
","株主優待券、ギフトカード",501,100,50100,1000,1.98
2301,"東P","貸借","10月末日","学情
オリジナルQUOカード","学情
","オリジナルQUOカード",1596,100,798000,3000,0.37
2307,"東P","制度","9月末日","クロスキャット
QUOカード","クロスキャット
","QUOカード",941,100,188200,500,0.26
2327,"東P","貸借","3月末日","日鉄ソリューションズ
デジタルギフト（えらべるPay）","日鉄ソリューションズ
","デジタルギフト（えらべるPay）",3566,100,356600,1000,0.27
2335,"東P","貸借","9月末日","キューブシステム
JCBギフトカード","キューブシステム
","JCBギフトカード",1010,100,202000,"---",0.49
2376,"東S","制度","3月末日","サイネックス
QUOカード","サイネックス
","QUOカード",645,100,322500,500,0.64
2379,"東P","貸借","2月末日・8月末日","ディップ
オリジナルQUOカード","ディップ
","オリジナルQUOカード",1822,100,182200,"---",0.54
2425,"東S","制度","3月末日","ケアサービス
QUOカード","ケアサービス
","QUOカード",748,100,74800,1000,1.33
2437,"東S","制度","5月末日","ＳｈｉｎｗａＷｉｓ...
QUOカード","ＳｈｉｎｗａＷｉｓ...
","QUOカード",428,100,428000,"---",0.23
2469,"東S","制度","3月末日","ヒビノ
株主優待ポイント","ヒビノ
","株主優待ポイント",3125,100,312500,2000,0.62
2498,"東S","制度","6月末日","オリエンタルコンサル...
QUOカード","オリエンタルコンサル...
","QUOカード",3045,100,609000,500,"---"
"253A","東S","貸借","9月末日","ＥＴＳグループ
Amazonカード","ＥＴＳグループ
","Amazonカード",1247,100,623500,5000,"---"
"259A",,"制度","9月末日","ケイ・ウノ
QUOカード、自社商品割引","ケイ・ウノ
","QUOカード、自社商品割引",1444,100,144400,5000,3.52
2659,"東P","貸借","2月末日","サンエー
自社商品券","サンエー
","自社商品券",3250,100,650000,2000,0.3
2689,"東S","貸借","6月末日","オルバヘルスケアホー...
QUOカード","オルバヘルスケアホー...
","QUOカード",2079,100,207900,1000,0.54
2730,"東P","貸借","3月末日","エディオン
ギフトカード","エディオン
","ギフトカード",2110,100,211000,"---",1.41
2733,"東P","貸借","3月末日・9月末日","あらた
QUOカード","あらた
","QUOカード",2755,100,275500,500,0.71
2737,"東P","制度","9月末日","トーメンデバイス
株主優待商品","トーメンデバイス
","株主優待商品",15070,100,1507000,2000,0.13
2742,"東P","貸借","2月末日","ハローズ
買物優待券、QUOカード","ハローズ
","買物優待券、QUOカード",4015,100,401500,1000,0.25
2747,"東S","制度","2月末日","北雄ラッキー
JCBギフトカード、北海道特産品","北雄ラッキー
","JCBギフトカード、北海道特産品",3085,100,308500,1000,0.32
2749,"東P","貸借","3月末日・9月末日","ＪＰホールディングス
QUOカード","ＪＰホールディングス
","QUOカード",654,100,327000,10000,2.94
2790,"東S","制度","3月末日・9月末日","ナフコ
ギフト券、お買物券","ナフコ
","ギフト券、お買物券",2143,100,214300,1000,0.92
2796,"東S","貸借","11月末日","ファーマライズホール...
自社グループ商品","ファーマライズホール...
","自社グループ商品",525,100,52500,2500,"---"
2901,"東S","制度","2月末日・8月末日","ウェルディッシュ
自社製品詰合せ、QUOカード","ウェルディッシュ
","自社製品詰合せ、QUOカード",191,100,57300,10000,2.92
2935,"東P","制度","2月末日","ピックルスホールディ...
自社グループ商品、QUOカード","ピックルスホールディ...
","自社グループ商品、QUOカード",1107,100,110700,1500,1.35
2974,,"制度","9月末日","大英産業
QUOカード","大英産業
","QUOカード",925,100,92500,1000,1.07
2976,,"非制度","3月末日","日本グランデ
QUOカード","日本グランデ
","QUOカード",688,100,68800,1000,1.45
2998,"東G","制度","3月末日・9月末日","クリアル
QUOカード","クリアル
","QUOカード",674,100,337000,5000,2.95
2999,"東S","制度","8月末日","ホームポジション
QUOカード","ホームポジション
","QUOカード",571,100,571000,20000,3.5
3020,"東S","制度","3月末日","アプライド
株主優待ポイントまたは、QUOカード","アプライド
","株主優待ポイントまたは、QUOカード",3875,100,387500,1000,0.25
3024,"東S","制度","3月末日","クリエイト
オリジナルQUOカード","クリエイト
","オリジナルQUOカード",1102,100,110200,1000,0.89
3032,,"制度","3月末日・9月末日","ゴルフ・ドゥ
株主優待割引券、スキンケア用品","ゴルフ・ドゥ
","株主優待割引券、スキンケア用品",290,100,29000,1000,"---"
3058,"東S","貸借","3月末日","三洋堂ホールディング...
図書カード、株主優待カード","三洋堂ホールディング...
","図書カード、株主優待カード",695,100,69500,"---","---"
3065,"東S","制度","2月末日・8月末日","ライフフーズ
優待食事券、ジェフグルメカード","ライフフーズ
","優待食事券、ジェフグルメカード",1617,100,161700,1000,0.61
3121,"東S","貸借","4月末日・10月末日","マーチャント・バンカ...
QUOカード","マーチャント・バンカ...
","QUOカード",210,100,65400,3000,3.33
3133,"東G","制度","3月末日","海帆
優待食事券、全国共通おこめ券","海帆
","優待食事券、全国共通おこめ券",237,100,23700,2000,7.9
3148,"東P","貸借","5月末日","クリエイトＳＤホール...
買物優待券、カタログギフト、全国共通おこめ券","クリエイトＳＤホール...
","買物優待券、カタログギフト、全国共通おこめ券",3265,100,326500,1500,0.45
3151,"東P","貸借","3月末日","バイタルケーエスケー...
自社商品、QUOカード","バイタルケーエスケー...
","自社商品、QUOカード",1397,100,139700,2000,0.35
3153,"東P","制度","9月末日","八洲電機
ジェフグルメカード","八洲電機
","ジェフグルメカード",2918,100,291800,500,0.34
3154,"東P","貸借","6月末日","メディアスホールディ...
QUOカード、寄付","メディアスホールディ...
","QUOカード、寄付",823,100,82300,1000,1.22
3157,"東S","制度","3月末日","ジオリーブグループ
QUOカード","ジオリーブグループ
","QUOカード",1463,100,146300,2000,1.33
3160,"東S","貸借","5月末日・11月末日","大光
QUOカード、自社商品券","大光
","QUOカード、自社商品券",591,100,295500,500,0.67
3166,"東S","貸借","3月末日","ＯＣＨＩホールディン...
オリジナルQUOカード","ＯＣＨＩホールディン...
","オリジナルQUOカード",1402,100,140200,2000,1.42
3167,"東P","貸借","3月末日・9月末日","ＴＯＫＡＩホールディ...
QUOカード、ミネラルウォーター、自社サービス","ＴＯＫＡＩホールディ...
","QUOカード、ミネラルウォーター、自社サービス",1133,100,113300,500,0.87
3168,"東S","貸借","8月末日","ＭＥＲＦ
QUOカード","ＭＥＲＦ
","QUOカード",1499,100,149900,500,0.34
3175,"東S","制度","3月末日・9月末日","エー・ピーホールディ...
電子チケットまたは、自社ギフト商品","エー・ピーホールディ...
","電子チケットまたは、自社ギフト商品",916,100,91600,3000,6.55
3183,"東P","貸借","3月末日","ウイン・パートナーズ
QUOカード","ウイン・パートナーズ
","QUOカード",1265,100,126500,1000,0.79
3190,"東S","制度","9月末日","ホットマン
ＪＣＢギフトカード","ホットマン
","ＪＣＢギフトカード",569,100,56900,1000,"---"
3201,"東P","貸借","5月末日","ニッケ
株主優待割引券、QUOカード","ニッケ
","株主優待割引券、QUOカード",1781,100,178100,1000,0.71
3202,"東S","制度","3月末日","ダイトウボウ
優待券、QUOカード","ダイトウボウ
","優待券、QUOカード",124,100,12400,2000,"---"
3242,"東S","貸借","6月末日・12月末日","アーバネットコーポレ...
QUOカード","アーバネットコーポレ...
","QUOカード",547,100,273500,2500,1.81
3246,"東S","制度","1月末日","コーセーアールイー
QUOカード","コーセーアールイー
","QUOカード",647,100,64700,500,"---"
3289,"東P","貸借","3月末日・9月末日","東急不動産ホールディ...
優待ポイント、自社リゾートホテル割引券、スポーツ・施設優待券","東急不動産ホールディ...
","優待ポイント、自社リゾートホテル割引券、スポーツ・施設優待券",1335,100,133450,"---","---"
3302,"東P","貸借","12月末日","帝国繊維
QUOカード、自社製品","帝国繊維
","QUOカード、自社製品",2758,100,275800,4000,2.55
3326,"東S","制度","3月末日","ランシステム
QUOカード、優待券、ギフトカード","ランシステム
","QUOカード、優待券、ギフトカード",694,100,69400,2000,2.88
3358,"東S","制度","3月末日・9月末日","Ｔｒａｉｌｈｅａｄ...
自社オンラインショップ・ポイント、QUOカード","Ｔｒａｉｌｈｅａｄ...
","自社オンラインショップ・ポイント、QUOカード",100,100,250000,2050,"---"
3371,"東P","貸借","3月末日・9月末日","ソフトクリエイトホー...
オリジナルQUOカード","ソフトクリエイトホー...
","オリジナルQUOカード",1780,100,178000,500,0.56
3382,"東P","貸借","2月末日","セブン＆アイ・ホール...
グループ共通商品券","セブン＆アイ・ホール...
","グループ共通商品券",1919,100,191850,2000,1.06
3384,,"制度","2月末日","アークコア
QUOカード","アークコア
","QUOカード",687,100,68700,1000,1.45
3392,"東S","制度","9月末日","デリカフーズホールデ...
自社商品詰合せ、ＥＣポイント、QUOカード","デリカフーズホールデ...
","自社商品詰合せ、ＥＣポイント、QUOカード",850,100,340000,500,0.58
3421,"東S","制度","7月末日・1月末日","稲葉製作所
オリジナル図書カード、地域特産品","稲葉製作所
","オリジナル図書カード、地域特産品",1683,100,168300,1000,0.6
3435,"東S","制度","3月末日・9月末日","サンコーテクノ
QUOカード","サンコーテクノ
","QUOカード",1328,100,132800,500,0.37
3465,"東P","貸借","9月末日・3月末日","ケイアイスター不動産
デジタルギフト","ケイアイスター不動産
","デジタルギフト",3165,100,633000,1000,0.62
3467,"東S","制度","3月末日","アグレ都市デザイン
QUOカード","アグレ都市デザイン
","QUOカード",2252,100,225200,1000,0.44
3469,"東S","制度","6月末日","デュアルタップ
QUOカードPay","デュアルタップ
","QUOカードPay",1003,100,100300,4000,3.99
3475,"東P","貸借","4月末日・10月末日","グッドコムアセット
デジタルギフト（上場10周年記念）","グッドコムアセット
","デジタルギフト（上場10周年記念）",1462,100,1462000,20000,6.77
3484,"東S","貸借","3月末日","イノベーションホール...
ジェフグルメカード","イノベーションホール...
","ジェフグルメカード",1118,100,559000,"---","---"
3490,"東S","制度","8月末日・2月末日","アズ企画設計
QUOカード","アズ企画設計
","QUOカード",2848,100,284800,2000,1.35
3494,"東S","制度","9月末日","マリオン
QUOカード","マリオン
","QUOカード",358,100,35800,1000,2.78
3512,"東S","制度","3月末日","日本フエルト
オリジナルQUOカード","日本フエルト
","オリジナルQUOカード",892,100,89200,300,"---"
3542,"東G","貸借","3月末日","ベガコーポレーション
自社割引クーポン","ベガコーポレーション
","自社割引クーポン",1566,100,156600,2000,3.1
3543,"東P","貸借","2月末日・8月末日","コメダホールディング...
プリペイドカード「ＫＯＭＥＣＡ」チャージ","コメダホールディング...
","プリペイドカード「ＫＯＭＥＣＡ」チャージ",3010,100,301000,1000,0.65
3577,"東S","制度","3月末日","東海染工
QUOカード","東海染工
","QUOカード",974,100,97400,1000,1.01
3593,"東P","貸借","9月末日","ホギメディカル
オリジナルQUOカード、自社商品","ホギメディカル
","オリジナルQUOカード、自社商品",6660,100,542000,1000,0.18
3607,"東S","制度","8月末日","クラウディアホールデ...
株主優待割引券、QUOカード","クラウディアホールデ...
","株主優待割引券、QUOカード",367,100,36700,"---",1.35
3634,"東S","制度","3月末日","ソケッツ
ギフトカード","ソケッツ
","ギフトカード",951,100,95100,1500,1.87
3639,"東S","貸借","12月末日","ボルテージ
オリジナルQUOカード","ボルテージ
","オリジナルQUOカード",242,100,72600,500,0.68
3640,"東S","貸借","3月末日","電算
商品券","電算
","商品券",2908,100,290800,1000,0.5
3648,"東S","貸借","3月末日・9月末日","ＡＧＳ
ＶＪＡギフトカード、QUOカード","ＡＧＳ
","ＶＪＡギフトカード、QUOカード",1100,100,220000,1000,"---"
3662,"東P","貸借","1月末日・7月末日","エイチームホールディ...
QUOカード","エイチームホールディ...
","QUOカード",991,100,495500,10000,4.12
3690,"東S","貸借","3月末日・9月末日","イルグルム
デジタルギフト","イルグルム
","デジタルギフト",541,100,54100,1000,3.66
3694,"東P","貸借","3月末日","オプティム
株主優待商品券","オプティム
","株主優待商品券",432,100,43200,1500,3.74
3708,"東P","貸借","3月末日","特種東海製紙
自社商品、図書カード","特種東海製紙
","自社商品、図書カード",1601,100,480300,1000,0.2
3719,"東S","制度","12月末日","ＡＩストーム
QUOカード、暗号資産","ＡＩストーム
","QUOカード、暗号資産",217,100,65100,5000,1.53
3750,"東S","制度","3月末日・9月末日","ＡＤＲ１２０Ｓ
QUOカード","ＡＤＲ１２０Ｓ
","QUOカード",822,100,82200,500,6.66
3758,"東S","貸借","12月末日","アエリア
オリジナルQUOカード","アエリア
","オリジナルQUOカード",248,100,24800,300,1.21
3760,"東S","制度","5月末日","ケイブ
QUOカード、限定グッズ","ケイブ
","QUOカード、限定グッズ",600,100,60000,1000,0.11
3763,"東P","制度","3月末日","プロシップ
QUOカード","プロシップ
","QUOカード",1530,100,306000,1000,0.32
3771,"東P","貸借","9月末日","システムリサーチ
QUOカード","システムリサーチ
","QUOカード",1637,100,163700,1000,0.6
3778,"東P","貸借","3月末日・9月末日","さくらインターネット
オリジナルQUOカード","さくらインターネット
","オリジナルQUOカード",3065,100,306500,500,0.31
3799,"東S","貸借","3月末日・9月末日","キーウェアソリューシ...
QUOカード","キーウェアソリューシ...
","QUOカード",1079,100,323700,3000,1
3839,"東S","貸借","3月末日・9月末日","ＯＤＫソリューション...
QUOカード","ＯＤＫソリューション...
","QUOカード",625,100,62500,500,1.6
3842,"東S","制度","3月末日","ネクストジェン
QUOカード","ネクストジェン
","QUOカード",980,100,196000,7000,1.54
3853,"東P","貸借","3月末日","アステリア
QUOカード（暗号資産）","アステリア
","QUOカード（暗号資産）",1490,100,745000,1000,"---"
3892,"東S","貸借","5月末日","岡山製紙
QUOカード","岡山製紙
","QUOカード",1671,100,167100,500,0.3
3926,"東S","制度","3月末日","オープンドア
オリジナルQUOカード","オープンドア
","オリジナルQUOカード",307,100,47000,1000,2.09
3927,"東S","制度","3月末日","フーバーブレイン
QUOカード","フーバーブレイン
","QUOカード",1019,100,101900,1000,0.98
3931,"東G","制度","7月末日","バリューゴルフ
ゴルフ・サービス割引券、デジタルギフト","バリューゴルフ
","ゴルフ・サービス割引券、デジタルギフト",1830,100,366000,20000,2.73
3934,"東S","制度","3月末日","ベネフィットジャパン
QUOカード、自社サービスクーポン","ベネフィットジャパン
","QUOカード、自社サービスクーポン",2002,100,200200,500,0.26
3939,"東P","貸借","9月末日","カナミックネットワー...
優待券、ギフトカード（抽選）","カナミックネットワー...
","優待券、ギフトカード（抽選）",546,100,54600,"---",9.92
3943,"東S","制度","3月末日","大石産業
QUOカード","大石産業
","QUOカード",1349,100,134900,1000,0.73
3950,"東P","貸借","12月末日・6月末日","ザ・パック
図書カード、オリジナルQUOカード","ザ・パック
","図書カード、オリジナルQUOカード",1306,100,130600,1000,1.15
3965,"東S","制度","9月末日","キャピタル・アセット...
QUOカード、またはオリジナルカタログギフト","キャピタル・アセット...
","QUOカード、またはオリジナルカタログギフト",852,100,85200,1500,1.88
3969,"東S","制度","3月末日・9月末日","エイトレッド
QUOカード","エイトレッド
","QUOカード",1391,100,139100,1000,1.42
3983,"東P","貸借","12月末日","オロ
QUOカード","オロ
","QUOカード",1983,100,198300,3000,1.17
3992,"東P","貸借","3月末日","ニーズウェル
QUOカード","ニーズウェル
","QUOカード",454,100,454000,15000,5.46
4008,"東P","貸借","3月末日・9月末日","住友精化
QUOカード","住友精化
","QUOカード",1186,100,593000,1000,"---"
4016,"東S","制度","11月末日","ＭＩＴホールディング...
QUOカード","ＭＩＴホールディング...
","QUOカード",929,100,278700,5000,1.83
4025,"東P","貸借","12月末日","多木化学
QUOカード","多木化学
","QUOカード",4670,100,467000,1000,0.21
4045,"東P","貸借","12月末日","東亞合成
自社商品、QUOカード、カタログギフト","東亞合成
","自社商品、QUOカード、カタログギフト",1716,100,171550,2000,"---"
4053,"東P","貸借","12月末日","ＳｕｎＡｓｔｅｒｉ...
プレミアム優待倶楽部ポイント","ＳｕｎＡｓｔｅｒｉ...
","プレミアム優待倶楽部ポイント",420,100,252000,2500,1.98
4068,"東G","制度","6月末日・12月末日","ベイシス
デジタルギフト","ベイシス
","デジタルギフト",1724,100,344800,5000,3.02
4094,"東S","制度","9月末日・3月末日","日本化学産業
QUOカード","日本化学産業
","QUOカード",2341,100,702300,5000,1.41
4102,"東S","制度","3月末日","丸尾カルシウム
QUOカード","丸尾カルシウム
","QUOカード",1446,100,144600,1000,0.67
4124,"東S","制度","3月末日・9月末日","大阪油化工業
QUOカード","大阪油化工業
","QUOカード",2701,100,270100,10000,"---"
4171,"東S","制度","12月末日","グローバルインフォメ...
QUOカード","グローバルインフォメ...
","QUOカード",1274,100,254800,2000,0.77
4193,"東S","制度","3月末日・9月末日","ファブリカホールディ...
デジタルギフト","ファブリカホールディ...
","デジタルギフト",2248,100,449600,12000,2.68
4197,"東S","制度","11月末日","アスマーク
QUOカード","アスマーク
","QUOカード",2395,100,239500,1000,0.42
4220,"東P","貸借","3月末日・9月末日","リケンテクノス
自社製品、QUOカード","リケンテクノス
","自社製品、QUOカード",1662,100,332400,1000,0.6
4221,"東P","貸借","12月末日","大倉工業
自社ホテル利用券、QUOカード","大倉工業
","自社ホテル利用券、QUOカード",4910,100,491000,1000,0.6
4247,"東S","制度","3月末日","ポバール興業
QUOカード","ポバール興業
","QUOカード",1286,100,128600,1000,0.77
4258,"東G","貸借","12月末日","網屋
QUOカード","網屋
","QUOカード",2958,100,591600,1000,0.34
4275,"東P","貸借","3月末日","カーリット
ジェフグルメカード","カーリット
","ジェフグルメカード",2761,100,276100,500,0.18
4299,"東S","貸借","3月末日","ハイマックス
QUOカード","ハイマックス
","QUOカード",1184,100,118400,1000,0.84
4318,"東P","貸借","3月末日","クイック
QUOカード、工芸品、特産品","クイック
","QUOカード、工芸品、特産品",766,100,229800,500,0.19
4323,"東P","貸借","3月末日・9月末日","日本システム技術
カタログギフト、QUOカード","日本システム技術
","カタログギフト、QUOカード",1913,100,191300,3000,0.23
4326,"東P","貸借","12月末日","インテージホールディ...
QUOカード、カタログギフト","インテージホールディ...
","QUOカード、カタログギフト",1654,100,165400,500,0.3
4335,"東S","制度","6月末日","ＩＰＳホールディング...
QUOカード","ＩＰＳホールディング...
","QUOカード",1270,100,127000,1000,0.79
4337,"東P","貸借","3月末日","ぴあ
ギフトカード","ぴあ
","ギフトカード",3550,100,355000,2500,0.71
4343,"東P","貸借","2月末日・8月末日","イオンファンタジー
自社施設割引券、国産ブランド米","イオンファンタジー
","自社施設割引券、国産ブランド米",2553,100,255300,2000,1.56
4351,"東S","貸借","12月末日・6月末日","山田再生系債権回収総...
QUOカード","山田再生系債権回収総...
","QUOカード",1027,100,102700,1000,1.98
4366,"東S","制度","3月末日","ダイトーケミックス
図書カードNEXT","ダイトーケミックス
","図書カードNEXT",411,100,411000,1000,0.24
4386,"東S","貸借","3月末日","ＳＩＧグループ
QUOカード","ＳＩＧグループ
","QUOカード",838,100,251400,3000,"---"
4404,"東S","貸借","12月末日","ミヨシ油脂
QUOカード","ミヨシ油脂
","QUOカード",2122,100,212200,1000,0.46
4409,"東S","制度","3月末日","東邦化学工業
QUOカード","東邦化学工業
","QUOカード",736,100,73600,1000,"---"
4415,"東G","制度","12月末日","ブロードエンタープラ...
QUOカード","ブロードエンタープラ...
","QUOカード",1231,100,123100,3000,1.78
4417,"東G","制度","3月末日・9月末日","グローバルセキュリテ...
QUOカード、教育サービス","グローバルセキュリテ...
","QUOカード、教育サービス",2682,100,536400,2000,0.39
4421,"東S","制度","9月末日","ディ・アイ・システム
QUOカード","ディ・アイ・システム
","QUOカード",915,100,91500,1000,1.09
4442,"東G","貸借","3月末日・9月末日","バルテス・ホールディ...
QUOカード","バルテス・ホールディ...
","QUOカード",408,100,204000,7500,"---"
4444,"東G","制度","9月末日・3月末日","インフォネット
QUOカード","インフォネット
","QUOカード",820,100,246000,6500,1.89
4447,"東G","貸借","9月末日","ピー・ビーシステムズ
自社特製カレンダー、QUOカード","ピー・ビーシステムズ
","自社特製カレンダー、QUOカード",460,100,46000,"---",1.07
4450,"東G","制度","4月末日・10月末日","パワーソリューション...
QUOカード","パワーソリューション...
","QUOカード",2300,100,230000,4000,3.38
4462,"東P","貸借","3月末日・9月末日","石原ケミカル
グルメギフト、QUOカード","石原ケミカル
","グルメギフト、QUOカード",2642,100,264200,1000,0.18
4465,"東S","貸借","5月末日・11月末日","ニイタカ
ギフトカード、自社優待商品","ニイタカ
","ギフトカード、自社優待商品",2270,100,227000,500,0.44
4491,"東S","制度","9月末日","コンピューターマネー...
オリジナルQUOカード","コンピューターマネー...
","オリジナルQUOカード",3035,100,303500,10000,3.3
4611,"東P","貸借","3月末日","大日本塗料
オリジナルQUOカード","大日本塗料
","オリジナルQUOカード",1242,100,124200,1000,0.85
4624,"東S","制度","3月末日","イサム塗料
QUOカード","イサム塗料
","QUOカード",3830,100,383000,2000,0.53
4625,"東S","制度","3月末日","アトミクス
QUOカード","アトミクス
","QUOカード",735,100,735000,3000,"---"
4628,"東S","制度","3月末日","エスケー化研
優待ポイント","エスケー化研
","優待ポイント",10460,100,1046000,5000,0.47
4633,"東P","貸借","12月末日","サカタインクス
オリジナルQUOカード","サカタインクス
","オリジナルQUOカード",2335,100,233500,500,0.21
4635,"東S","制度","3月末日","東京インキ
優待品","東京インキ
","優待品",1309,100,130900,1000,0.75
4668,"東P","貸借","8月末日","明光ネットワークジャ...
QUOカード","明光ネットワークジャ...
","QUOカード",683,100,68300,"---",0.72
4676,"東P","貸借","3月末日・9月末日","フジ・メディア・ホー...
オリジナル手帳等、QUOカード等","フジ・メディア・ホー...
","オリジナル手帳等、QUOカード等",3910,100,391000,"---",0.25
4678,"東S","貸借","3月末日","秀英予備校
QUOカード","秀英予備校
","QUOカード",318,100,31800,500,1.55
4694,"東P","貸借","3月末日","ビー・エム・エル
QUOカード","ビー・エム・エル
","QUOカード",3755,100,375500,1500,0.42
4720,"東S","制度","3月末日","城南進学研究社
QUOカード","城南進学研究社
","QUOカード",249,100,24900,500,2.64
4732,"東P","貸借","3月末日・9月末日","ユー・エス・エス
QUOカード、VJAギフトカード、オリジナルグルメギフト","ユー・エス・エス
","QUOカード、VJAギフトカード、オリジナルグルメギフト",1697,100,169650,500,0.58
4733,"東P","制度","3月末日","オービックビジネスコ...
オリジナルQUOカード","オービックビジネスコ...
","オリジナルQUOカード",6082,100,608200,3000,0.48
4746,"東S","貸借","12月末日","東計電算
全国共通おこめ券","東計電算
","全国共通おこめ券",4320,100,432000,880,0.2
4762,"東S","制度","3月末日・9月末日","エックスネット
QUOカード","エックスネット
","QUOカード",1548,100,154800,500,0.65
4766,"東S","制度","12月末日","ピーエイ
Amazonギフト券","ピーエイ
","Amazonギフト券",221,100,221000,3000,4.97
4767,"東S","制度","6月末日","テー・オー・ダブリュ...
QUOカード","テー・オー・ダブリュ...
","QUOカード",372,100,372000,500,"---"
4783,"東S","貸借","9月末日","ＮＣＤ
QUOカード","ＮＣＤ
","QUOカード",2418,100,2418000,2000,0.08
4816,"東S","貸借","3月末日","東映アニメーション
オリジナルQUOカード","東映アニメーション
","オリジナルQUOカード",2605,100,260500,1200,0.45
4834,,"非制度","11月末日","キャリアバンク
図書カード","キャリアバンク
","図書カード",1738,100,132700,1500,1.12
4839,"東P","貸借","9月末日","ＷＯＷＯＷ
視聴優待、ギフトカード","ＷＯＷＯＷ
","視聴優待、ギフトカード",1164,100,116400,2000,0.82
4958,"東P","貸借","9月末日","長谷川香料
オリジナルQUOカード","長谷川香料
","オリジナルQUOカード",2882,100,288200,1000,0.34
4971,"東P","貸借","12月末日","メック
QUOカード","メック
","QUOカード",8920,100,892000,1000,0.33
4979,"東S","制度","12月末日","ＯＡＴアグリオ
自社グループ製品、QUOカード","ＯＡＴアグリオ
","自社グループ製品、QUOカード",2806,100,280600,2500,0.74
5018,"東S","貸借","2月末日","ＭＯＲＥＳＣＯ
QUOカード","ＭＯＲＥＳＣＯ
","QUOカード",1695,100,508500,3000,0.58
5031,"東G","制度","1月末日","モイ
オリジナルQUOカード","モイ
","オリジナルQUOカード",272,100,54400,1000,1.83
5139,"東G","制度","6月末日・12月末日","オープンワーク
デジタルギフト","オープンワーク
","デジタルギフト",893,100,89300,500,"---"
5161,"東S","制度","3月末日","西川ゴム工業
QUOカード","西川ゴム工業
","QUOカード",3155,100,315500,1000,0.15
5184,"東S","貸借","12月末日","ニチリン
オリジナルQUOカード","ニチリン
","オリジナルQUOカード",3935,100,393500,1000,0.64
5204,"東S","貸借","3月20日","石塚硝子
QUOカード、自社製品","石塚硝子
","QUOカード、自社製品",2891,100,289100,1000,0.34
5237,"東S","貸借","9月末日","ノザワ
QUOカード","ノザワ
","QUOカード",1122,100,112200,"---","---"
5248,"東G","制度","1月末日・7月末日","テクノロジーズ
QUOカードPay","テクノロジーズ
","QUOカードPay",472,100,472000,25000,"---"
5269,"東P","貸借","3月末日","日本コンクリート工業
QUOカード","日本コンクリート工業
","QUOカード",312,100,249600,2000,0.8
5273,"東S","貸借","3月末日","三谷セキサン
QUOカード","三谷セキサン
","QUOカード",1691,100,169100,2000,1.16
5355,"東S","制度","3月末日","日本ルツボ
QUOカード","日本ルツボ
","QUOカード",653,100,65300,1000,"---"
5363,"東S","貸借","3月末日","ＴＹＫ
QUOカード","ＴＹＫ
","QUOカード",594,100,594000,1000,0.16
5440,"東P","貸借","3月末日","共英製鋼
オリジナルQUOカード","共英製鋼
","オリジナルQUOカード",1827,100,182700,1000,0.52
5445,"東P","制度","3月末日","東京鐵鋼
QUOカード","東京鐵鋼
","QUOカード",1819,100,545700,2000,0.18
5446,"東S","制度","3月末日","北越メタル
QUOカード","北越メタル
","QUOカード",1250,100,125000,1000,0.8
5449,"東S","貸借","3月末日","大阪製鐵
オリジナルQUOカード","大阪製鐵
","オリジナルQUOカード",2518,100,251800,1000,0.4
5463,"東P","貸借","3月末日・9月末日","丸一鋼管
おこめギフト券","丸一鋼管
","おこめギフト券",1459,100,145850,1320,0.29
5527,"東G","制度","11月末日","ｐｒｏｐｅｒｔｙｔ...
QUOカード","ｐｒｏｐｅｒｔｙｔ...
","QUOカード",680,100,204000,5000,2.45
5530,,"制度","6月末日","日本システムバンク
QUOカード","日本システムバンク
","QUOカード",1055,100,105500,1000,0.95
5578,"東G","制度","2月末日","ＡＲアドバンストテク...
ギフトカード","ＡＲアドバンストテク...
","ギフトカード",999,100,99900,1000,0.97
5580,"東G","制度","8月末日・2月末日","プロディライト
デジタルギフト","プロディライト
","デジタルギフト",1479,100,591600,15000,2.05
5589,"東S","貸借","6月末日","オートサーバー
QUOカード","オートサーバー
","QUOカード",2675,100,267500,5000,1.87
5607,,"貸借","9月末日","中央可鍛工業
QUOカード","中央可鍛工業
","QUOカード",632,100,63200,500,0.78
5659,"東P","貸借","3月末日","日本精線
QUOカード","日本精線
","QUOカード",1313,100,131300,2000,0.7
5698,"東S","制度","6月末日","エンビプロ・ホールデ...
QUOカード","エンビプロ・ホールデ...
","QUOカード",1164,100,465600,2000,"---"
5729,"東S","制度","3月末日","日本精鉱
QUOカード、寄付","日本精鉱
","QUOカード、寄付",2219,100,221900,1000,0.2
5820,"東S","制度","3月末日","三ッ星
QUOカード","三ッ星
","QUOカード",809,100,80900,1000,1.23
5869,"東S","貸借","5月末日・11月末日","早稲田学習研究会
QUOカード","早稲田学習研究会
","QUOカード",1332,100,266400,1000,"---"
5906,"東S","制度","3月20日","エムケー精工
QUOカードPay、カタログギフト","エムケー精工
","QUOカードPay、カタログギフト",870,100,87000,3000,0.56
5909,"東S","制度","3月末日","コロナ
QUOカード","コロナ
","QUOカード",938,100,93800,500,0.53
5911,"東P","貸借","3月末日","横河ブリッジホールデ...
オリジナルQUOカード","横河ブリッジホールデ...
","オリジナルQUOカード",2932,100,2932000,1000,0.03
5923,"東S","貸借","3月末日","高田機工
オリジナルQUOカード","高田機工
","オリジナルQUOカード",1180,100,354000,2000,0.58
5929,"東P","貸借","3月末日","三和ホールディングス
オリジナルQUOカード","三和ホールディングス
","オリジナルQUOカード",3540,100,354000,500,0.14
5930,"東P","貸借","3月末日","文化シヤッター
QUOカード","文化シヤッター
","QUOカード",1853,100,185300,1000,0.54
5933,"東P","貸借","3月20日","アルインコ
ＶＪＡギフトカード","アルインコ
","ＶＪＡギフトカード",1025,100,512500,"---",0.19
5941,"東S","貸借","3月末日","中西製作所
マックカード","中西製作所
","マックカード",2505,100,250500,1000,0.39
5946,"東P","貸借","12月末日","長府製作所
オリジナルQUOカード","長府製作所
","オリジナルQUOカード",1997,100,199700,2000,"---"
5949,"東P","貸借","3月末日","ユニプレス
株主優待ポイント","ユニプレス
","株主優待ポイント",1294,100,129400,1000,"---"
5950,"東S","貸借","12月末日","日本パワーファスニン...
QUOカード","日本パワーファスニン...
","QUOカード",170,100,85000,1000,1.01
5952,"東S","制度","3月末日","アマテイ
QUOカード","アマテイ
","QUOカード",187,100,187000,3000,1.73
5956,"東S","貸借","3月末日","トーソー
図書カード、株主優待カタログ","トーソー
","図書カード、株主優待カタログ",595,100,59500,1000,"---"
5959,"東P","貸借","12月末日","岡部
オリジナルQUOカード","岡部
","オリジナルQUOカード",899,100,179800,1000,"---"
5967,"東S","制度","5月末日","ＴＯＮＥ
自社ＥＣサイト割引","ＴＯＮＥ
","自社ＥＣサイト割引",478,100,47800,5000,6.28
5969,"東S","制度","3月末日","ロブテックス
QUOカード","ロブテックス
","QUOカード",1232,100,123200,1000,0.81
5970,"東P","貸借","3月末日","ジーテクト
QUOカード","ジーテクト
","QUOカード",1804,100,541200,1000,"---"
5971,"東S","制度","4月末日","共和工業所
QUOカードPay","共和工業所
","QUOカードPay",7270,100,727000,1000,0.13
5976,"東P","貸借","3月末日","ネツレン
QUOカード","ネツレン
","QUOカード",1294,100,129400,1000,"---"
5982,"東S","制度","2月末日・8月末日","マルゼン
QUOカード、ジェフグルメカード","マルゼン
","QUOカード、ジェフグルメカード",3670,100,1101000,1000,0.17
5989,"東P","貸借","3月末日","エイチワン
QUOカード","エイチワン
","QUOカード",1275,100,382500,1000,0.26
6038,"東G","貸借","6月末日","イード
QUOカード","イード
","QUOカード",918,100,459000,10000,2.17
6044,"東S","制度","5月末日","三機サービス
QUOカード","三機サービス
","QUOカード",1672,100,167200,1000,0.29
6059,"東S","貸借","3月末日","ウチヤマホールディン...
プレミアム優待倶楽部ポイント","ウチヤマホールディン...
","プレミアム優待倶楽部ポイント",355,100,319500,2200,0.94
6061,"東S","制度","6月末日・12月末日","ユニバーサル園芸社
オリジナルQUOカード","ユニバーサル園芸社
","オリジナルQUOカード",2712,100,271200,1000,0.71
6063,"東S","制度","12月末日","日本エマージェンシー...
QUOカード","日本エマージェンシー...
","QUOカード",915,100,274500,5000,"---"
6070,"東P","貸借","9月末日","キャリアリンク
QUOカード","キャリアリンク
","QUOカード",2335,100,233500,500,0.21
6071,"東P","貸借","12月末日・6月末日","ＩＢＪ
特製QUOカード、株主優待券","ＩＢＪ
","特製QUOカード、株主優待券",724,100,362000,500,"---"
6073,"東P","貸借","3月末日・9月末日","アサンテ
JCBギフトカード","アサンテ
","JCBギフトカード",1476,100,147600,1000,1.34
6086,"東G","制度","2月末日","シンメンテホールディ...
ジェフグルメカード","シンメンテホールディ...
","ジェフグルメカード",1035,100,103500,500,0.48
6111,,"貸借","3月末日","旭精機工業
QUOカード","旭精機工業
","QUOカード",2166,100,216600,1000,0.43
6144,"東S","制度","3月末日","西部電機
オリジナルQUOカード","西部電機
","オリジナルQUOカード",2901,100,290100,1000,0.34
6157,"東S","貸借","3月末日","日進工具
オリジナルQUOカード","日進工具
","オリジナルQUOカード",874,100,87400,1000,0.85
6193,"東G","制度","3月末日・9月末日","バーチャレクス・ホー...
QUOカード","バーチャレクス・ホー...
","QUOカード",958,100,191600,5000,5.16
6247,"東P","貸借","3月末日","日阪製作所
QUOカード","日阪製作所
","QUOカード",1612,100,483600,1000,0.2
6258,"東P","貸借","3月末日","平田機工
QUOカード、寄付","平田機工
","QUOカード、寄付",3245,100,324500,3000,0.3
6264,"東P","貸借","8月末日","マルマエ
QUOカード","マルマエ
","QUOカード",2041,100,408200,1000,"---"
6279,"東P","貸借","2月20日","瑞光
QUOカード","瑞光
","QUOカード",873,100,87300,2000,2.27
6286,"東S","制度","3月末日","靜甲
QUOカード","靜甲
","QUOカード",1575,100,157500,3000,1.92
6306,"東P","貸借","3月末日","日工
自社グループ商品、ポイント","日工
","自社グループ商品、ポイント",799,100,79900,500,"---"
6316,"東S","貸借","9月末日","丸山製作所
QUOカード、自社製品割引","丸山製作所
","QUOカード、自社製品割引",2370,100,237000,1000,"---"
6325,"東S","貸借","9月末日","タカキタ
QUOカード","タカキタ
","QUOカード",408,100,40800,500,1.23
6333,"東P","貸借","3月末日","ＴＥＩＫＯＫＵ
QUOカード、カタログギフト","ＴＥＩＫＯＫＵ
","QUOカード、カタログギフト",2773,100,277300,1000,0.36
6339,"東P","貸借","9月末日","新東工業
QUOカード","新東工業
","QUOカード",985,100,98500,1000,"---"
6370,"東P","貸借","3月末日","栗田工業
QUOカード","栗田工業
","QUOカード",8044,100,804400,"---",0.23
6405,"東S","制度","3月末日","鈴茂器工
ジェフグルメカード","鈴茂器工
","ジェフグルメカード",1093,100,109300,500,0.46
6419,"東P","貸借","3月末日・9月末日","マースグループホール...
オリジナルQUOカード、地方特産品カタログ、割引券、カレンダー","マースグループホール...
","オリジナルQUOカード、地方特産品カタログ、割引券、カレンダー",2813,100,281300,1000,0.35
6420,"東P","貸借","3月末日","ガリレイ
QUOカード","ガリレイ
","QUOカード",3580,100,358000,2000,0.46
6424,"東S","制度","3月末日","高見沢サイバネティッ...
オリジナルQUOカード","高見沢サイバネティッ...
","オリジナルQUOカード",903,100,90300,1000,1.1
6425,"東S","貸借","12月末日","ユニバーサルエンター...
オリジナルQUOカード","ユニバーサルエンター...
","オリジナルQUOカード",734,100,114000,1000,0.42
6458,"東P","貸借","3月末日","新晃工業
図書カード、株主優待カタログ","新晃工業
","図書カード、株主優待カタログ",1225,100,367500,1000,0.6
6463,"東P","貸借","3月末日","ＴＰＲ
全国共通おこめ券","ＴＰＲ
","全国共通おこめ券",1226,100,245200,1320,0.53
6490,"東P","貸借","3月末日","ＰＩＬＬＡＲ
QUOカード","ＰＩＬＬＡＲ
","QUOカード",8840,100,884000,1500,0.16
6493,"東S","制度","3月末日","ＮＩＴＴＡＮ
QUOカード","ＮＩＴＴＡＮ
","QUOカード",593,100,296500,1000,0.33
6498,"東P","貸借","12月末日","キッツ
自社グループ優待券、オリジナルQUOカード","キッツ
","自社グループ優待券、オリジナルQUOカード",2105,100,210500,1000,"---"
6517,"東P","貸借","3月末日","デンヨー
全国共通おこめ券","デンヨー
","全国共通おこめ券",3645,100,364500,880,0.24
6543,"東S","制度","2月末日・8月末日","日宣
QUOカード","日宣
","QUOカード",1173,100,351900,5000,1.24
6545,"東G","貸借","3月末日","インターネットインフ...
QUOカード、介護利用権","インターネットインフ...
","QUOカード、介護利用権",717,100,71700,2000,2.76
6546,"東S","貸借","12月末日","フルテック
QUOカード","フルテック
","QUOカード",1170,100,117000,1000,0.86
6557,"東G","制度","3月末日・9月末日","ＡＩＡＩグループ
デジタルギフト","ＡＩＡＩグループ
","デジタルギフト",1148,100,688800,15000,7.22
6570,"東S","貸借","3月末日","共和コーポレーション
ギフトカード、株主優待券","共和コーポレーション
","ギフトカード、株主優待券",1232,100,123200,2000,1.62
6578,"東S","制度","8月末日・2月末日","コレックホールディン...
QUOカード","コレックホールディン...
","QUOカード",437,100,43700,1000,4.54
6586,"東P","貸借","3月末日","マキタ
QUOカードまたは自社製品","マキタ
","QUOカードまたは自社製品",5741,100,574100,1000,"---"
6625,"東S","貸借","9月末日","ＪＡＬＣＯホールディ...
QUOカード、お米券","ＪＡＬＣＯホールディ...
","QUOカード、お米券",382,100,1146000,5000,0.44
6653,"東P","貸借","12月末日","正興電機製作所
QUOカード","正興電機製作所
","QUOカード",2476,100,247600,500,0.19
6654,"東S","貸借","1月末日・7月末日","不二電機工業
QUOカード","不二電機工業
","QUOカード",1080,100,324000,"---",0.3
6655,,"制度","3月末日","東洋電機
QUOカード","東洋電機
","QUOカード",782,100,78200,1000,1.3
6730,"東S","貸借","3月末日","アクセル
QUOカード","アクセル
","QUOカード",1155,100,115500,500,"---"
6823,"東P","貸借","3月末日","リオン
ジェフグルメカード、自社グループ購入割引券","リオン
","ジェフグルメカード、自社グループ購入割引券",3650,100,365000,500,0.14
6848,"東S","貸借","9月末日","東亜ディーケーケー
オリジナルQUOカード","東亜ディーケーケー
","オリジナルQUOカード",862,100,86200,500,0.57
6853,"東S","貸借","12月末日","共和電業
QUOカード","共和電業
","QUOカード",741,100,148200,2000,1.54
6904,"東S","制度","3月末日","原田工業
QUOカード","原田工業
","QUOカード",463,100,46300,3000,1.33
6926,"東S","貸借","3月末日","岡谷電機産業
全国共通おこめ券","岡谷電機産業
","全国共通おこめ券",190,100,57000,880,1.51
6941,"東P","貸借","3月末日","山一電機
QUOカード","山一電機
","QUOカード",10120,100,10120000,2000,"---"
6947,"東P","貸借","3月末日・9月末日","図研
QUOカード","図研
","QUOカード",4370,100,437000,1000,0.45
6971,"東P","貸借","3月末日・9月末日","京セラ
QUOカード、カタログギフト","京セラ
","QUOカード、カタログギフト",2747,100,274650,"---","---"
7021,"東S","制度","3月末日","ニッチツ
QUOカード","ニッチツ
","QUOカード",2138,100,213800,1000,0.46
7049,"東G","貸借","2月末日・8月末日","識学
QUOカード","識学
","QUOカード",786,100,157200,5000,6.36
7073,"東G","制度","7月末日・1月末日","ジェイック
QUOカード","ジェイック
","QUOカード",2156,100,215600,2000,1.84
7076,,"貸借","9月末日","名南Ｍ＆Ａ
QUOカード","名南Ｍ＆Ａ
","QUOカード",907,100,272100,15000,5.49
7077,"東G","制度","2月末日・8月末日","ＡＬｉＮＫインターネ...
QUOカード","ＡＬｉＮＫインターネ...
","QUOカード",1000,100,100000,1000,2
7085,"東P","貸借","8月末日","カーブスホールディン...
QUOカード、電子マネー、商品","カーブスホールディン...
","QUOカード、電子マネー、商品",820,100,82000,500,1.21
7087,"東S","貸借","3月末日・9月末日","ウイルテック
QUOカード","ウイルテック
","QUOカード",1285,100,385500,5000,"---"
7097,"東G","制度","1月末日・7月末日","さくらさくプラス
QUOカード","さくらさくプラス
","QUOカード",3010,100,602000,10000,3.32
7128,"東P","貸借","12月末日","ユニソルホールディン...
QUOカード","ユニソルホールディン...
","QUOカード",2156,100,215600,1000,0.23
7129,"東S","制度","3月末日・9月末日","ミアヘルサホールディ...
オリジナルQUOカード","ミアヘルサホールディ...
","オリジナルQUOカード",1140,100,114000,1000,1.76
7164,"東P","貸借","3月末日","全国保証
オリジナルQUOカード、カタログギフト","全国保証
","オリジナルQUOカード、カタログギフト",3103,100,666400,3000,0.45
7172,"東P","貸借","12月末日","ジャパンインベストメ...
オリジナルQUOカード、新聞購読券","ジャパンインベストメ...
","オリジナルQUOカード、新聞購読券",2112,100,211200,500,4.1
7191,"東S","貸借","3月末日","イントラスト
QUOカード","イントラスト
","QUOカード",1097,100,109700,500,"---"
7196,"東S","制度","7月末日","Ｃａｓａ
QUOカード","Ｃａｓａ
","QUOカード",740,100,74000,1000,1.35
7208,"東S","制度","3月末日","カネミツ
QUOカード","カネミツ
","QUOカード",1130,100,113000,500,0.43
7212,"東S","貸借","3月末日","エフテック
オリジナルQUOカード","エフテック
","オリジナルQUOカード",737,100,73700,1000,"---"
7231,"東P","貸借","3月末日・9月末日","トピー工業
交通傷害保険","トピー工業
","交通傷害保険",2940,100,294000,"---","---"
7235,"東S","制度","3月末日","東京ラヂエーター製造
QUOカード、国内レース観戦","東京ラヂエーター製造
","QUOカード、国内レース観戦",1425,100,142500,500,0.35
7245,"東P","貸借","3月末日","大同メタル工業
QUOカード","大同メタル工業
","QUOカード",886,100,443000,1000,0.22
7264,"東S","制度","3月末日","ムロコーポレーション
自社商品、お米、金券","ムロコーポレーション
","自社商品、お米、金券",1265,100,126500,500,0.39
7276,"東P","貸借","3月末日","小糸製作所
QUOカード、見学会","小糸製作所
","QUOカード、見学会",2522,100,252150,1000,0.39
7277,"東S","貸借","3月末日","ＴＢＫ
東北地方ブランド米、またはQUOカード","ＴＢＫ
","東北地方ブランド米、またはQUOカード",359,100,35900,500,"---"
7294,"東P","貸借","3月末日","ヨロズ
株主優待商品、QUOカード","ヨロズ
","株主優待商品、QUOカード",857,100,85700,1000,1.17
7299,"東S","制度","3月末日","フジオーゼックス
全国共通商品券","フジオーゼックス
","全国共通商品券",1750,100,175000,2000,"---"
7314,"東S","制度","12月末日","小田原機器
QUOカード","小田原機器
","QUOカード",1175,100,117500,2000,1.68
7322,"東P","貸借","3月末日","三十三フィナンシャル...
定期預金優遇金利、カタログギフト","三十三フィナンシャル...
","定期預金優遇金利、カタログギフト",1634,100,326800,5000,"---"
7337,"東P","貸借","3月末日","ひろぎんホールディン...
地元特産品、招待券","ひろぎんホールディン...
","地元特産品、招待券",1843,100,184250,500,0.27
7347,"東P","貸借","12月末日","マーキュリアホールデ...
QUOカード","マーキュリアホールデ...
","QUOカード",752,100,75200,2000,2.65
7413,"東S","制度","3月末日","創健社
自社取扱商品詰合せ、ＥＣサイト・ギフトカード","創健社
","自社取扱商品詰合せ、ＥＣサイト・ギフトカード",2565,100,256500,3000,1.15
7417,"東S","貸借","3月末日","南陽
QUOカード","南陽
","QUOカード",1433,100,143300,1000,0.69
7427,"東S","貸借","2月末日","エコートレーディング
QUOカード、ブランド米","エコートレーディング
","QUOカード、ブランド米",869,100,434500,1000,0.22
7434,"東S","制度","5月末日","オータケ
QUOカード","オータケ
","QUOカード",1886,100,188600,1000,0.53
7435,"東S","制度","4月末日","ナ・デックス
創立75周年記念（QUOカード）","ナ・デックス
","創立75周年記念（QUOカード）",1036,100,124400,3000,2.37
7444,"東S","制度","3月末日","ハリマ共和物産
QUOカード","ハリマ共和物産
","QUOカード",2006,100,200600,1000,0.5
7456,"東P","貸借","3月末日","松田産業
オリジナルQUOカード","松田産業
","オリジナルQUOカード",6700,100,670000,2000,"---"
7463,"東S","貸借","3月末日","アドヴァングループ
QUOカード","アドヴァングループ
","QUOカード",948,100,94800,500,0.52
7472,"東S","貸借","9月末日","鳥羽洋行
オリジナルQUOカード","鳥羽洋行
","オリジナルQUOカード",3800,100,380000,1000,0.26
7475,"東P","貸借","3月末日・9月末日","アルビス
自社商品券、北陸地方名産品","アルビス
","自社商品券、北陸地方名産品",2476,100,247600,1000,0.8
7476,"東P","貸借","9月末日","アズワン
株主優待カタログ、QUOカード","アズワン
","株主優待カタログ、QUOカード",2131,100,213100,1000,0.43
7482,"東P","貸借","3月末日","シモジマ
オリジナルQUOカード、株主優待商品","シモジマ
","オリジナルQUOカード、株主優待商品",1296,100,129600,1000,0.77
7485,,"貸借","2月末日・8月末日","岡谷鋼機
愛知県産米山の幻ミネアサヒ、図書カード","岡谷鋼機
","愛知県産米山の幻ミネアサヒ、図書カード",9700,100,970000,2000,"---"
7487,"東S","貸借","5月末日","小津産業
QUOカード、株主優待商品","小津産業
","QUOカード、株主優待商品",1881,100,188100,1000,0.53
7504,"東P","貸借","3月末日","高速
QUOカード、カタログギフト","高速
","QUOカード、カタログギフト",2974,100,297400,500,0.17
7505,"東S","制度","9月末日","扶桑電通
オリジナルQUOカード","扶桑電通
","オリジナルQUOカード",1799,100,179900,1000,0.55
7510,"東P","貸借","3月末日・9月末日","たけびし
QUOカード","たけびし
","QUOカード",2187,100,218700,1000,0.9
7512,"東S","貸借","2月末日","イオン北海道
株主優待券","イオン北海道
","株主優待券",860,100,86000,2500,"---"
7515,"東S","制度","2月末日","マルヨシセンター
株主優待券、ギフトカード","マルヨシセンター
","株主優待券、ギフトカード",4585,100,458500,5000,1.09
7516,"東P","貸借","2月末日","コーナン商事
自社商品券","コーナン商事
","自社商品券",3985,100,398500,1000,0.24
7525,"東P","貸借","3月末日","リックス
QUOカード","リックス
","QUOカード",3355,100,335500,1000,0.3
7539,"東S","貸借","3月末日・9月末日","アイナボホールディン...
QUOカード","アイナボホールディン...
","QUOカード",782,100,78200,1000,2.5
7545,"東P","貸借","2月20日・8月20日","西松屋チェーン
プリペイド式お買物カード","西松屋チェーン
","プリペイド式お買物カード",1994,100,199400,1000,1
7551,"東S","貸借","9月末日","ウェッズ
オリジナルQUOカード","ウェッズ
","オリジナルQUOカード",707,100,707000,2000,0.28
7552,"東P","貸借","3月末日","ハピネット
株主優待カタログ","ハピネット
","株主優待カタログ",2670,100,267000,1000,"---"
7555,"東S","制度","3月末日・9月末日","大田花き
花とみどりのギフト券、QUOカード","大田花き
","花とみどりのギフト券、QUOカード",743,100,74300,500,1.34
7561,"東S","貸借","3月末日","ハークスレイ
QUOカード、楽天ポイント","ハークスレイ
","QUOカード、楽天ポイント",647,100,194100,500,0.25
7567,"東S","制度","3月末日","栄電子
QUOカード","栄電子
","QUOカード",491,100,49100,1000,2.03
7570,"東S","貸借","3月末日","橋本総業ホールディン...
オリジナルQUOカード","橋本総業ホールディン...
","オリジナルQUOカード",1259,100,125900,1000,0.79
7585,"東S","制度","6月末日・12月末日","かんなん丸
優待食事券、ジェフグルメカード","かんなん丸
","優待食事券、ジェフグルメカード",412,100,41200,2000,2.39
7595,"東P","貸借","3月末日・9月末日","アルゴグラフィックス
QUOカード、カタログギフト、カレンダー","アルゴグラフィックス
","QUOカード、カタログギフト、カレンダー",1338,100,133800,1000,"---"
7607,"東P","貸借","8月末日","進和
お米券、新潟県ブランド米","進和
","お米券、新潟県ブランド米",3030,100,303000,880,0.39
7611,"東P","貸借","2月末日・8月末日","ハイデイ日高
優待券、全国共通おこめ券","ハイデイ日高
","優待券、全国共通おこめ券",2827,100,282700,1000,0.3
7613,"東P","貸借","12月末日","シークス
ギフトカード、旅行企画品","シークス
","ギフトカード、旅行企画品",1284,100,128400,1000,0.78
7628,"東P","貸借","3月末日・9月末日","オーハシテクニカ
全国共通おこめ券","オーハシテクニカ
","全国共通おこめ券",1102,100,110200,440,0.79
7640,"東S","貸借","10月末日","トップカルチャー
図書カード","トップカルチャー
","図書カード",193,100,96500,1000,1.05
7643,"東S","制度","9月末日","ダイイチ
ＶＪＡギフトカード、北海道特産品","ダイイチ
","ＶＪＡギフトカード、北海道特産品",1685,100,168500,1000,1.19
7646,"東S","制度","9月20日","ＰＬＡＮＴ
買物優待カード（電子マネー）","ＰＬＡＮＴ
","買物優待カード（電子マネー）",1784,100,178400,"---","---"
7695,"東G","制度","3月末日","交換できるくん
自社ECサイト・ポイントまたは、QUOカード","交換できるくん
","自社ECサイト・ポイントまたは、QUOカード",728,100,72800,10000,4.13
7711,"東S","制度","9月末日","助川電気工業
QUOカード","助川電気工業
","QUOカード",5920,100,5920000,3000,0.05
7725,"東P","貸借","11月末日","インターアクション
QUOカード","インターアクション
","QUOカード",1840,100,1840000,2000,"---"
7730,"東P","貸借","8月末日","マニー
オリジナルQUOカード","マニー
","オリジナルQUOカード",1706,100,511800,3000,"---"
7743,"東S","貸借","3月末日","シード
ギフトポイント、株主優待券、自社製品、寄付","シード
","ギフトポイント、株主優待券、自社製品、寄付",537,100,53700,1000,"---"
7780,"東P","貸借","3月末日","メニコン
自社商品他","メニコン
","自社商品他",1620,100,162000,4000,8.02
7782,"東S","貸借","12月末日","シンシア
自社ブランド商品割引券、デジタルギフト","シンシア
","自社ブランド商品割引券、デジタルギフト",445,100,44500,"---",1.97
7804,"東S","制度","4月末日・10月末日","ビーアンドピー
QUOカード","ビーアンドピー
","QUOカード",2235,100,223500,1000,0.58
7809,"東S","制度","6月末日","壽屋
買い物券、オリジナルQUOカード","壽屋
","買い物券、オリジナルQUOカード",1333,100,133300,3000,1.5
7811,"東S","貸借","2月末日","中本パックス
QUOカード","中本パックス
","QUOカード",1885,100,188500,1000,0.52
7813,"東S","制度","6月末日","プラッツ
QUOカード","プラッツ
","QUOカード",838,100,83800,500,0.59
7832,"東P","貸借","3月末日","バンダイナムコホール...
株主優待商品","バンダイナムコホール...
","株主優待商品",3608,100,360800,2000,0.27
7856,"東P","貸借","10月末日","萩原工業
株主優待品（QUOカード、食料品等）","萩原工業
","株主優待品（QUOカード、食料品等）",1643,100,164300,1000,0.6
7859,"東S","貸借","3月末日","アルメディオ
QUOカード","アルメディオ
","QUOカード",273,100,27300,500,"---"
7864,"東P","貸借","3月末日","フジシールインターナ...
オリジナルQUOカード","フジシールインターナ...
","オリジナルQUOカード",2511,100,251100,3000,"---"
7872,"東S","制度","3月末日・9月末日","エステールホールディ...
買物優待券、QUOカード、株主優待商品","エステールホールディ...
","買物優待券、QUOカード、株主優待商品",592,100,59200,500,0.84
7875,"東S","制度","3月末日","竹田ｉＰホールディン...
QUOカード、オリジナルカレンダー、新潟県ブランド米","竹田ｉＰホールディン...
","QUOカード、オリジナルカレンダー、新潟県ブランド米",660,100,66000,1000,1.49
7877,"東S","制度","3月末日","永大化工
QUOカード","永大化工
","QUOカード",2070,100,207000,500,0.23
7883,"東S","制度","3月末日","サンメッセ
オリジナルQUOカード","サンメッセ
","オリジナルQUOカード",365,100,36500,500,1.36
7893,"東P","貸借","3月末日","プロネクサス
オリジナルQUOカード","プロネクサス
","オリジナルQUOカード",1071,100,107100,500,0.46
7896,"東S","制度","3月末日","セブン工業
QUOカード","セブン工業
","QUOカード",505,100,50500,500,1
7902,"東S","制度","3月末日","ソノコム
QUOカード","ソノコム
","QUOカード",1200,100,120000,1000,0.84
7914,"東P","貸借","3月末日・9月末日","共同印刷
オリジナルカレンダー、QUOカード","共同印刷
","オリジナルカレンダー、QUOカード",1513,100,302600,"---",0.3
7917,"東P","貸借","3月末日","ＺＡＣＲＯＳ
オリジナルQUOカード","ＺＡＣＲＯＳ
","オリジナルQUOカード",1360,100,136000,1000,0.73
7919,"東S","貸借","9月末日","野崎印刷紙業
オリジナルQUOカード","野崎印刷紙業
","オリジナルQUOカード",201,100,201000,1000,0.49
7928,"東S","制度","8月末日","旭化学工業
QUOカード","旭化学工業
","QUOカード",604,100,60400,1000,1.65
7939,"東S","制度","3月末日","研創
QUOカード","研創
","QUOカード",578,100,57800,500,0.85
7942,"東P","貸借","3月末日","ＪＳＰ
オリジナルQUOカード","ＪＳＰ
","オリジナルQUOカード",2461,100,246100,1000,1.4
7952,"東P","貸借","3月末日・9月末日","河合楽器製作所
自社オリジナルイベント招待券（QUOカード）","河合楽器製作所
","自社オリジナルイベント招待券（QUOカード）",2769,100,276900,"---",0.36
7962,"東P","貸借","6月20日・12月20日","キングジム
自社オンラインストア・クーポン","キングジム
","自社オンラインストア・クーポン",800,100,240000,6000,2.52
7985,"東S","制度","3月末日","ネポン
","ネポン
",,850,100,0,5000,"---"
7989,"東P","貸借","12月末日","立川ブラインド工業
オリジナルQUOカード","立川ブラインド工業
","オリジナルQUOカード",2535,100,253500,1000,0.19
7990,"東P","貸借","3月末日","グローブライド
オリジナルQUOカード","グローブライド
","オリジナルQUOカード",2154,100,215400,1000,0.48
7997,"東S","制度","11月末日","くろがね工作所
QUOカード","くろがね工作所
","QUOカード",952,100,95200,1000,1.04
8005,"東P","貸借","3月末日","スクロール
株主優待特典、QUOカード","スクロール
","株主優待特典、QUOカード",1305,100,130500,500,0.37
8023,"東S","貸借","9月末日","ＤＡＩＫＯＸＴＥＣ...
QUOカード","ＤＡＩＫＯＸＴＥＣ...
","QUOカード",943,100,94300,1000,1.03
8037,"東P","貸借","3月末日","カメイ
QUOカード、カタログギフト","カメイ
","QUOカード、カタログギフト",3220,100,322000,"---",0.15
8045,"東S","制度","3月末日","横浜丸魚
QUOカード","横浜丸魚
","QUOカード",1565,100,156500,1000,0.63
8052,"東P","貸借","3月末日・9月末日","椿本興業
QUOカード、寄付","椿本興業
","QUOカード、寄付",2790,100,279000,1000,1.43
8061,"東P","貸借","3月末日","西華産業
QUOカード","西華産業
","QUOカード",2932,100,293200,1000,0.33
8071,,"制度","3月末日","東海エレクトロニクス
QUOカード","東海エレクトロニクス
","QUOカード",2853,100,285300,500,0.17
8081,"東P","制度","3月末日・9月末日","カナデン
QUOカード","カナデン
","QUOカード",2313,100,231300,500,0.42
8084,"東P","貸借","3月末日","ＲＹＯＤＥＮ
QUOカード","ＲＹＯＤＥＮ
","QUOカード",3545,100,354500,2000,0.56
8086,"東P","貸借","3月末日","ニプロ
ＪＣＢギフトカード","ニプロ
","ＪＣＢギフトカード",1491,100,447150,1000,"---"
8089,"東S","貸借","9月末日・3月末日","ナイス
QUOカード","ナイス
","QUOカード",1904,100,190400,500,0.51
8093,"東P","貸借","3月末日","極東貿易
QUOカード","極東貿易
","QUOカード",1889,100,377800,1000,0.26
8098,"東P","貸借","9月末日","稲畑産業
オリジナルQUOカード","稲畑産業
","オリジナルQUOカード",3915,100,391500,500,0.12
8101,"東P","貸借","9月末日","ＧＳＩクレオス
QUOカード","ＧＳＩクレオス
","QUOカード",2438,100,243800,1000,0.44
8104,"東S","制度","3月末日","クワザワホールディン...
QUOカード","クワザワホールディン...
","QUOカード",570,100,57000,1000,1.75
8105,"東S","制度","3月末日","ＢｉｔｃｏｉｎＪａ...
QUOカード","ＢｉｔｃｏｉｎＪａ...
","QUOカード",132,100,132000,2000,0.37
8118,"東S","貸借","3月末日・9月末日","キング
図書カード、株主優待セール","キング
","図書カード、株主優待セール",1082,100,108200,"---","---"
8119,"東S","制度","3月末日","三栄コーポレーション
株主優待ポイント","三栄コーポレーション
","株主優待ポイント",797,100,79700,2000,1.25
8147,"東S","制度","3月末日","トミタ
QUOカード","トミタ
","QUOカード",1166,100,116600,1000,2.15
8153,"東P","貸借","3月末日・9月末日","モスフードサービス
株主優待券","モスフードサービス
","株主優待券",3945,100,394500,1000,0.5
8157,"東P","貸借","9月末日","都築電気
カタログギフト","都築電気
","カタログギフト",3460,100,346000,1000,0.28
8158,"東P","貸借","3月末日","ソーダニッカ
QUOカード、プレミアム優待倶楽部ポイント","ソーダニッカ
","QUOカード、プレミアム優待倶楽部ポイント",1020,100,510000,3000,0.19
8159,"東P","貸借","3月末日","立花エレテック
QUOカード","立花エレテック
","QUOカード",2885,100,288500,2000,1.12
8167,"東P","貸借","2月末日・8月末日","リテールパートナーズ
株主優待券、JCBギフトカード","リテールパートナーズ
","株主優待券、JCBギフトカード",1299,100,129900,1000,1.54
8194,"東P","貸借","2月末日","ライフコーポレーショ...
自社商品券、PB商品","ライフコーポレーショ...
","自社商品券、PB商品",2587,100,258700,2000,"---"
8217,"東P","貸借","2月20日","オークワ
自社商品券またはQUOカード","オークワ
","自社商品券またはQUOカード",777,100,77700,500,0.5
8237,"東P","貸借","2月末日・8月末日","松屋
株主優待カード・ポイント","松屋
","株主優待カード・ポイント",1656,100,165600,"---","---"
8255,"東P","貸借","3月末日・9月末日","アクシアルリテイリ...
買物優待券、QUOカード、新潟県ブランド米","アクシアルリテイリ...
","買物優待券、QUOカード、新潟県ブランド米",1115,100,111500,1000,1.77
8267,"東P","貸借","2月末日・8月末日","イオン
株主優待カード、自社グル―プ優待券","イオン
","株主優待カード、自社グル―プ優待券",1552,100,155150,"---","---"
8273,"東P","貸借","2月末日・8月末日","イズミ
株主優待券、QUOカード","イズミ
","株主優待券、QUOカード",946,100,94600,2000,1.05
8275,"東S","貸借","9月末日","フォーバル
電子マネーギフト","フォーバル
","電子マネーギフト",1049,100,104900,2000,1.87
8276,"東P","貸借","2月20日・8月20日","平和堂
株主優待券、デジタルギフト","平和堂
","株主優待券、デジタルギフト",2629,100,262900,500,0.37
8278,"東P","貸借","2月末日・8月末日","フジ
株主優待割引券、地域特産品","フジ
","株主優待割引券、地域特産品",2058,100,205800,3000,1.47
8291,"東S","貸借","3月末日","日産東京販売ホールデ...
オリジナルQUOカード","日産東京販売ホールデ...
","オリジナルQUOカード",522,100,261000,1000,0.38
8336,"東P","貸借","9月末日","武蔵野銀行
金融サービス、QUOカード、カタログギフト","武蔵野銀行
","金融サービス、QUOカード、カタログギフト",2388,100,477600,"---",0.2
8341,"東P","貸借","3月末日","七十七銀行
地元特産品、寄付またはギフトカード","七十七銀行
","地元特産品、寄付またはギフトカード",3004,100,1502000,3000,"---"
8344,"東P","貸借","3月末日","山形銀行
QUOカード、地域特産品","山形銀行
","QUOカード、地域特産品",2503,100,500600,2000,0.83
8359,"東P","貸借","3月末日","八十二長野銀行
地域特産品、QUOカード","八十二長野銀行
","地域特産品、QUOカード",2095,100,1047250,1000,"---"
8360,"東P","貸借","3月末日","山梨中央銀行
QUOカード、カタログギフト","山梨中央銀行
","QUOカード、カタログギフト",5390,100,1078000,"---","---"
8365,"東S","貸借","3月末日","富山銀行
QUOカード","富山銀行
","QUOカード",2105,100,210500,2000,"---"
8381,"東P","貸借","3月末日","山陰合同銀行
地元特産品、VJAギフトカード","山陰合同銀行
","地元特産品、VJAギフトカード",1866,100,1866000,1000,0.05
8383,"東S","貸借","3月末日","鳥取銀行
QUOカード、特産品","鳥取銀行
","QUOカード、特産品",1610,100,161000,500,"---"
8387,"東P","貸借","3月末日","四国銀行
QUOカード、地域特産品","四国銀行
","QUOカード、地域特産品",2548,100,254800,500,0.68
8393,"東P","貸借","3月末日","宮崎銀行
地域特産品、QUOカード","宮崎銀行
","地域特産品、QUOカード",1955,100,977500,"---","---"
8398,,"貸借","3月末日","筑邦銀行
オリジナルQUOカード、地域特産品","筑邦銀行
","オリジナルQUOカード、地域特産品",1886,100,188600,500,0.26
8424,"東P","貸借","3月末日","芙蓉総合リース
株主優待カタログ、図書カード","芙蓉総合リース
","株主優待カタログ、図書カード",4295,100,1288500,3000,0.23
8542,"東S","貸借","3月末日","トマト銀行
QUOカード","トマト銀行
","QUOカード",1546,100,773000,1000,"---"
8544,"東P","貸借","3月末日・9月末日","京葉銀行
金利優遇サービス、宝くじ、QUOカード","京葉銀行
","金利優遇サービス、宝くじ、QUOカード",2117,100,1058500,"---","---"
8566,"東P","貸借","3月末日","リコーリース
カタログギフト","リコーリース
","カタログギフト",6120,100,612000,2000,0.32
8601,"東P","貸借","3月末日・9月末日","大和証券グループ本社
株主優待商品、ホテル宿泊優待、寄付","大和証券グループ本社
","株主優待商品、ホテル宿泊優待、寄付",1453,100,1453000,2000,0.27
8616,"東P","貸借","3月末日","東海東京フィナンシャ...
株主優待カタログ、オリジナルQUOカード","東海東京フィナンシャ...
","株主優待カタログ、オリジナルQUOカード",688,100,68800,500,"---"
8700,"東S","制度","3月末日","丸八証券
QUOカード","丸八証券
","QUOカード",1746,100,174600,1000,0.55
8705,"東S","貸借","9月末日・3月末日","日産証券グループ
QUOカード","日産証券グループ
","QUOカード",258,100,25800,1000,1.31
8742,"東S","貸借","3月末日","小林洋行
全国共通おこめ券","小林洋行
","全国共通おこめ券",520,100,52000,880,"---"
8772,"東S","制度","3月末日","アサックス
QUOカード","アサックス
","QUOカード",815,100,407500,5000,1.22
8860,"東P","貸借","3月末日","フジ住宅
JCBギフトカードまたはQUOカード","フジ住宅
","JCBギフトカードまたはQUOカード",772,100,386000,1000,0.24
8892,"東P","貸借","9月末日","エスコン
オリジナルQUOカード","エスコン
","オリジナルQUOカード",1160,100,1160000,1000,"---"
8904,"東S","貸借","8月末日","ＡＶＡＮＴＩＡ
QUOカード","ＡＶＡＮＴＩＡ
","QUOカード",825,100,82500,1000,"---"
8912,"東S","貸借","6月末日","エリアクエスト
オリジナルQUOカード","エリアクエスト
","オリジナルQUOカード",177,100,177000,3000,2.27
8917,"東S","貸借","10月末日・4月末日","ファースト住建
QUOカード、優待品","ファースト住建
","QUOカード、優待品",1087,100,108700,500,"---"
8923,"東P","貸借","11月末日","トーセイ
QUOカード、ホテル宿泊割引","トーセイ
","QUOカード、ホテル宿泊割引",1630,100,326000,1000,0.91
8929,"東S","制度","12月末日・6月末日","青山財産ネットワーク...
地域名産品、食事券、特選牛、施設利用券","青山財産ネットワーク...
","地域名産品、食事券、特選牛、施設利用券",1395,100,1395000,3000,0.21
8934,"東P","貸借","3月末日","サンフロンティア不動...
ホテル優待割引券","サンフロンティア不動...
","ホテル優待割引券",2648,100,264800,1000,0.37
8945,"東S","制度","6月末日","サンネクスタグループ
QUOカード、地域特産品","サンネクスタグループ
","QUOカード、地域特産品",1161,100,116100,1000,"---"
9005,"東P","貸借","3月末日・9月末日","東急
株主優待乗車証、グループ優待券・ポイント","東急
","株主優待乗車証、グループ優待券・ポイント",1664,100,166400,600,"---"
9006,"東P","貸借","3月末日・9月末日","京浜急行電鉄
株主優待乗車証、自社グループ優待券","京浜急行電鉄
","株主優待乗車証、自社グループ優待券",1537,100,153650,800,"---"
9029,"東S","制度","9月末日","ヒガシホールディング...
QUOカード","ヒガシホールディング...
","QUOカード",1756,100,878000,1000,0.11
9039,"東P","貸借","3月末日・9月末日","サカイ引越センター
東北地方ブランド米、またはQUOカード、カタログギフト","サカイ引越センター
","東北地方ブランド米、またはQUOカード、カタログギフト",2872,100,287200,2500,0.7
9042,"東P","貸借","3月末日","阪急阪神ホールディン...
株主優待乗車証、自社施設割引券","阪急阪神ホールディン...
","株主優待乗車証、自社施設割引券",4427,100,442700,600,"---"
9057,"東S","制度","3月末日","遠州トラック
自社オリジナルイベント招待券、郷土の産品","遠州トラック
","自社オリジナルイベント招待券、郷土の産品",3245,100,1622500,2000,0.12
9059,"東S","貸借","3月末日","カンダホールディング...
図書カード","カンダホールディング...
","図書カード",872,100,87200,1000,1.14
9073,"東S","制度","3月末日","京極運輸商事
ENEOSプリカ","京極運輸商事
","ENEOSプリカ",1259,100,125900,1000,3.16
9076,"東P","貸借","3月末日","セイノーホールディン...
セイノーショッピングの割引クーポン","セイノーホールディン...
","セイノーショッピングの割引クーポン",2392,100,239150,700,0.29
9082,"東S","制度","3月末日","大和自動車交通
QUOカード","大和自動車交通
","QUOカード",1343,100,671500,2000,0.29
9130,"東S","貸借","3月末日","共栄タンカー
QUOカード","共栄タンカー
","QUOカード",1618,100,161800,1000,0.59
9202,"東P","貸借","3月末日・9月末日","ＡＮＡホールディング...
株主優待航空割引･自社グループ優待券･カレンダー","ＡＮＡホールディング...
","株主優待航空割引･自社グループ優待券･カレンダー",2710,100,270950,2000,1.81
9235,"東G","制度","7月末日","売れるネット広告社グ...
デジタルギフト","売れるネット広告社グ...
","デジタルギフト",552,100,110400,1000,1.93
9245,"東G","制度","12月末日","リベロ
QUOカード","リベロ
","QUOカード",1980,100,396000,"---",2.52
9254,"東G","制度","10月末日","ラバブルマーケティン...
QUOカード","ラバブルマーケティン...
","QUOカード",1143,100,114300,1000,"---"
9262,"東S","貸借","1月末日","シルバーライフ
自社商品","シルバーライフ
","自社商品",760,100,152000,5000,4.9
9265,"東S","制度","5月末日","ヤマシタヘルスケアホ...
QUOカード","ヤマシタヘルスケアホ...
","QUOカード",3545,100,354500,500,0.14
9271,"東G","制度","12月末日","和心
自社商品券","和心
","自社商品券",883,100,88300,"---",2.33
9273,"東P","貸借","6月末日","コーア商事ホールディ...
QUOカード","コーア商事ホールディ...
","QUOカード",856,100,171200,1000,0.58
9274,"東P","貸借","3月末日","ＫＰＰグループホール...
図書カード","ＫＰＰグループホール...
","図書カード",974,100,97400,1000,1.03
9306,"東S","貸借","3月末日","東陽倉庫
ギフト券","東陽倉庫
","ギフト券",2098,100,1049000,2000,"---"
9319,"東P","貸借","3月末日・9月末日","中央倉庫
QUOカード","中央倉庫
","QUOカード",1982,100,594600,1000,0.5
9324,"東P","貸借","3月末日","安田倉庫
QUOカード","安田倉庫
","QUOカード",2199,100,219900,1000,0.45
9325,"東S","制度","3月末日","ファイズホールディン...
ギフトカード","ファイズホールディン...
","ギフトカード",1192,100,119200,1000,0.85
9337,"東G","制度","12月末日","トリドリ
QUOカード","トリドリ
","QUOカード",1605,100,160500,3000,1.85
9339,"東S","制度","12月末日","コーチ・エィ
QUOカード","コーチ・エィ
","QUOカード",1234,100,123400,3000,2.43
9342,"東G","制度","3月末日・9月末日","スマサポ
QUOカード","スマサポ
","QUOカード",922,100,276600,2000,1.44
9355,"東S","制度","3月末日","リンコーコーポレーシ...
ホテル宿泊、ギフトカード","リンコーコーポレーシ...
","ホテル宿泊、ギフトカード",2180,100,218000,50,0.45
9357,,"制度","3月末日","名港海運
カタログギフト","名港海運
","カタログギフト",2381,100,714300,1000,"---"
9367,"東S","制度","3月末日","大東港運
QUOカード、メンバーシップクーポン","大東港運
","QUOカード、メンバーシップクーポン",1995,100,399000,500,0.12
9368,"東S","貸借","3月末日・9月末日","キムラユニティー
全国共通おこめ券","キムラユニティー
","全国共通おこめ券",895,100,179000,880,0.97
9369,"東S","貸借","11月末日","キユーソー流通システ...
ジェフグルメカード","キユーソー流通システ...
","ジェフグルメカード",3075,100,615000,1000,1.13
9380,"東S","貸借","3月末日","東海運
QUOカード","東海運
","QUOカード",390,100,195000,500,1.54
9401,"東P","貸借","3月末日","ＴＢＳホールディング...
自社オリジナルイベント招待券、QUOカード","ＴＢＳホールディング...
","自社オリジナルイベント招待券、QUOカード",5570,100,557000,1000,0.18
9405,"東P","貸借","3月末日・9月末日","朝日放送グループホー...
オリジナルQUOカード","朝日放送グループホー...
","オリジナルQUOカード",832,100,83200,500,1.21
9409,"東P","貸借","3月末日・9月末日","テレビ朝日ホールディ...
株主優待割引券、本社ビル見学会","テレビ朝日ホールディ...
","株主優待割引券、本社ビル見学会",3265,100,326500,"---","---"
9413,"東P","貸借","3月末日・9月末日","テレビ東京ホールディ...
オリジナルQUOカード、自社イベント招待券","テレビ東京ホールディ...
","オリジナルQUOカード、自社イベント招待券",3950,100,395000,500,0.12
9421,"東S","制度","6月末日","エヌジェイホールディ...
QUOカード","エヌジェイホールディ...
","QUOカード",667,100,66700,1000,1.49
9423,"東S","貸借","3月末日","ＦＲＳ
電子マネーギフト","ＦＲＳ
","電子マネーギフト",104,100,104000,2000,1.92
9441,"東S","貸借","12月末日・6月末日","ベルパーク
オリジナルQUOカード","ベルパーク
","オリジナルQUOカード",2941,100,294100,1000,0.66
9519,"東P","貸借","3月末日","レノバ
オリジナルQUOカード","レノバ
","オリジナルQUOカード",1111,100,111100,300,0.27
9534,"東P","貸借","3月末日","北海道ガス
株主優待カタログ、おこめギフト券","北海道ガス
","株主優待カタログ、おこめギフト券",785,100,392500,440,0.1
9605,"東P","貸借","3月末日・9月末日","東映
映画招待券、QUOカード","東映
","映画招待券、QUOカード",5760,100,576000,3000,0.17
9658,"東P","制度","3月末日","ビジネスブレイン太田...
オリジナルQUOカード","ビジネスブレイン太田...
","オリジナルQUOカード",928,100,278400,1000,"---"
9684,"東P","貸借","3月末日","スクウェア・エニック...
自社運営ストア・クーポン","スクウェア・エニック...
","自社運営ストア・クーポン",2446,100,244600,500,0.2
9706,"東P","貸借","3月末日","日本空港ビルデング
株主優待券、ＶＪＡギフトカード","日本空港ビルデング
","株主優待券、ＶＪＡギフトカード",5002,100,500200,1000,0.19
9731,"東S","制度","12月末日・6月末日","白洋舍
株主優待券、QUOカード、寄付","白洋舍
","株主優待券、QUOカード、寄付",3395,100,339500,500,0.43
9757,"東P","貸借","12月末日・6月末日","船井総研ホールディン...
QUOカード","船井総研ホールディン...
","QUOカード",1115,100,111500,500,0.89
9759,"東P","貸借","9月末日","ＮＳＤ
株主優待ポイント","ＮＳＤ
","株主優待ポイント",2690,100,268950,1000,0.37
9760,"東S","貸借","3月末日","進学会ホールディング...
自社グループ受講優待券、QUOカード","進学会ホールディング...
","自社グループ受講優待券、QUOカード",133,100,13300,1100,22.38
9765,"東P","貸借","5月末日・11月末日","オオバ
QUOカード、チョコレート菓子","オオバ
","QUOカード、チョコレート菓子",1220,100,122000,500,"---"
9778,"東S","制度","2月末日・8月末日","昴
QUOカード、果物","昴
","QUOカード、果物",5500,100,550000,3000,0.54
9795,"東P","貸借","9月末日","ステップ
オリジナルQUOカード","ステップ
","オリジナルQUOカード",2276,100,227600,500,0.21
9818,"東S","貸借","3月末日","大丸エナウィン
QUOカード、カタログギフト","大丸エナウィン
","QUOカード、カタログギフト",1880,100,188000,500,0.53
9820,"東S","制度","3月末日","エムティジェネックス
QUOカード","エムティジェネックス
","QUOカード",3500,100,350000,2000,0.57
9824,"東P","貸借","10月末日","泉州電業
オリジナルQUOカード","泉州電業
","オリジナルQUOカード",6140,100,614000,1000,0.16
9835,"東S","貸借","2月末日","ジュンテンドー
QUOカード（デジタルギフト）","ジュンテンドー
","QUOカード（デジタルギフト）",510,100,51000,1000,"---"
9846,"東S","制度","2月末日・8月末日","天満屋ストア
天満屋ギフトカード、ＶＪＡギフトカード","天満屋ストア
","天満屋ギフトカード、ＶＪＡギフトカード",963,100,96300,1000,2.07
9857,"東S","貸借","3月末日","英和
オリジナルQUOカード","英和
","オリジナルQUOカード",2624,100,262400,500,0.18
9872,"東S","貸借","11月20日","北恵
QUOカード、ギフトカード","北恵
","QUOカード、ギフトカード",880,100,88000,500,0.56
9902,"東P","貸借","3月末日・9月末日","日伝
株主優待商品、QUOカード","日伝
","株主優待商品、QUOカード",2350,100,235000,1000,0.34
9914,"東S","制度","3月20日","植松商会
デジタルギフト（QUOカード）","植松商会
","デジタルギフト（QUOカード）",902,100,90200,500,0.54
9948,"東P","貸借","2月末日","アークス
自社商品券、青森県産品","アークス
","自社商品券、青森県産品",3385,100,338500,2000,0.64
9956,"東P","貸借","3月末日","バローホールディング...
自社プリペイド式電子マネー","バローホールディング...
","自社プリペイド式電子マネー",3620,100,362000,1000,0.27
9959,"東S","貸借","3月末日","アシードホールディン...
自社グループ商品またはQUOカードまたはデジタルギフト","アシードホールディン...
","自社グループ商品またはQUOカードまたはデジタルギフト",827,100,82700,1000,0.58
9974,"東P","貸借","2月末日","ベルク
自社商品詰め合わせ、JCBギフトカード、お米","ベルク
","自社商品詰め合わせ、JCBギフトカード、お米",6940,100,694000,1000,0.14
9993,"東S","制度","2月末日・8月末日","ヤマザワ
自社買物優待券、山形の新米セット","ヤマザワ
","自社買物優待券、山形の新米セット",1155,100,115500,2000,"---"
